birth,death,lifetime,tipF,endF,tipX,tipY,endX,endY,root_geodesic
0.0,4804.274442121518,4804.274442121518,2868149,6529809,4431,646,0,1473,4804.274442121518
3417.434049390512,3812.677873087154,395.2438236966418,5329247,6854359,781,1202,941,1546,1386.8403927310067
2366.4165412241496,3754.716998985118,1388.3004577609686,13379513,7860639,719,3018,930,1773,2437.857900897369
3209.7750238298095,3668.7747455635863,458.9997217337768,9948424,8202024,772,2244,974,1850,1594.4994182917092
3606.1677196903875,3639.029119796768,32.86140010638064,6832347,6952064,1094,1541,1120,1568,1198.106722431131
3606.2470749692857,3629.356706936694,23.109631967408404,8202113,8268584,1063,1850,1039,1865,1198.0273671522325
3299.516718877425,3620.04468232094,320.5279634435151,7159871,8184093,576,1615,775,1846,1504.7577232440935
3596.629780468985,3618.352018333668,21.722237864683393,5919007,5994351,952,1335,935,1352,1207.6446616525336
3589.8761028396,3601.87610284129,12.000000001689841,8450256,8503452,958,1906,958,1918,1214.3983392819182
3566.951335273532,3599.1266057683997,32.17527049486762,7980127,8024487,727,1800,757,1810,1237.3231068479863
3584.37917744061,3594.874727260363,10.49554981975325,6535410,6610778,1168,1474,1175,1491,1219.8952646809084
3473.042963341105,3593.09948651038,120.0565231692749,7984486,8272735,653,1801,757,1866,1331.2314787804137
3574.4475669155877,3587.16070097584,12.713134060252287,8374774,8445681,837,1889,816,1905,1229.8268752059307
3548.3394310002077,3569.478968690307,21.139537690099132,5754934,5781554,900,1298,922,1304,1255.9350111213107
3533.4829262106805,3556.6492541370662,23.166327926385748,6455624,6358115,1176,1456,1193,1434,1270.791515910838
3428.7789039502213,3542.098811109119,113.31990715889788,8321349,8454455,608,1877,724,1907,1375.495538171297
3515.651226215142,3535.8676327429057,20.216406527763866,6495550,6389162,1205,1465,1209,1441,1288.6232159063766
3505.0623627580367,3527.6970863054585,22.6347235474218,8605531,8720772,1078,1941,1061,1967,1299.2120793634817
3505.7905113032784,3517.6984243084844,11.907913005205955,5639805,5684142,1029,1272,1036,1282,1298.4839308182402
3388.644732575778,3516.6607421745894,128.01600959881125,7528086,7714172,852,1698,752,1740,1415.6297095457405
3486.392677481228,3514.3319570451167,27.939279563888704,7625447,7762880,687,1720,697,1751,1317.8817646402904
3498.3657070687923,3513.1617215845845,14.796014515792194,8818265,8840420,1028,1989,1018,1994,1305.9087350527261
3479.90629507847,3495.7567319003574,15.850436821887342,5542327,5613257,1077,1250,1079,1266,1324.368147043048
3458.896849316964,3485.69733235414,26.800483037176036,9062087,8942404,1035,2044,1043,2017,1345.3775928045545
3474.2088633243484,3485.6562721983137,11.447408873965287,8871187,8822408,754,2001,738,1990,1330.0655787971698
3380.4869774530066,3484.012031412958,103.52505395995149,8019867,7807176,570,1809,663,1761,1423.7874646685118
3459.681250883141,3471.681250883217,12.000000000076398,6034533,5976903,1220,1361,1219,1348,1344.5931912383774
3367.8795187968153,3466.5911442433908,98.71162544657545,7470452,7479215,847,1685,744,1687,1436.3949233247033
3401.453655844458,3448.8516050902836,47.39794924582566,7598759,7842605,597,1714,628,1769,1402.8207862770605
3436.818024498821,3446.9552656062915,10.137241107470345,6318323,6411428,1298,1425,1310,1446,1367.4564176226972
3297.557479137873,3431.79127350111,134.23379436323694,8765327,7754661,1286,1977,1344,1749,1506.7169629836455
3414.349311224534,3430.6292238134506,16.27991258891643,7825578,7931967,1333,1765,1330,1789,1389.9251308969842
3153.825831045562,3429.142847967849,275.3170169222867,9948231,8986382,579,2244,691,2027,1650.4486110759565
3410.8511322798154,3427.6060603321594,16.754928052343985,6260713,6353813,1317,1412,1324,1433,1393.423309841703
3388.1842535883643,3424.0054140210423,35.82116043267797,5631126,5755252,1216,1270,1218,1298,1416.090188533154
3380.607634378295,3417.3513133218257,36.74367894353054,9230651,9137530,1145,2082,1117,2061,1423.6668077432232
3393.537870686483,3415.4392438087907,21.901373122307632,9124249,9035581,1135,2058,1127,2038,1410.7365714350356
3326.572868590987,3412.311008285773,85.73813969478579,8446190,8073809,1325,1905,1316,1821,1477.701573530531
3348.3528531710135,3404.4212152307673,56.06836205975378,5564572,5325184,1157,1255,1151,1201,1455.9215889505049
3364.5779125712825,3401.0266376930476,36.448725121765165,8060409,8220011,1215,1818,1229,1854,1439.6965295502357
3377.6229164342667,3393.243304382189,15.620387947922154,6154347,6065686,1343,1388,1342,1368,1426.6515256872517
1875.084462399716,3383.685852519252,1508.601390119536,400785,5875051,1815,90,1326,1325,2929.1899797218025
3333.6770089145093,3381.503798459895,47.82678954538551,8397390,8388520,1288,1894,1284,1892,1470.5974332070093
3350.4326688774236,3377.6943393887623,27.261670511338707,5733199,5879495,1330,1293,1337,1326,1453.8417732440946
3305.089901179432,3376.1029339824945,71.01303280306229,8817785,9017338,548,1989,616,2034,1499.1845409420862
3345.777743633137,3361.899829336357,16.12208570321991,8964107,8959690,581,2022,597,2021,1458.4966984883815
3345.7734830881136,3356.602123635356,10.82864054724223,8042858,7994094,1396,1814,1395,1803,1458.5009590334048
3296.249889836691,3315.8062816868896,19.55639185019845,9270683,9248500,1280,2091,1262,2086,1508.0245522848272
3301.0098694808157,3315.443047795219,14.433178314403449,9549369,9509463,687,2154,678,2145,1503.2645726407027
3284.718091482341,3311.725869705618,27.007778223277,8051724,8166998,1396,1816,1412,1842,1519.5563506391775
3263.13356682261,3307.378961016722,44.24539419411167,4664508,4700015,992,1052,1035,1060,1541.1408752989084
3212.206553033332,3306.466988029555,94.26043499622301,4309945,4713328,1069,972,1049,1063,1592.0678890881861
3291.806139389651,3304.809687733098,13.003548343447164,8233484,8149252,1403,1857,1398,1838,1512.4683027318674
3248.714717375621,3303.6770214056987,54.962304030077576,9385851,9554294,1190,2117,1179,2155,1555.5597247458975
3183.462915937146,3302.8774961419567,119.41458020481059,8308907,7772525,1465,1874,1476,1753,1620.8115261843725
3283.8858391596777,3296.4571778146537,12.571338654975989,4726652,4735540,1074,1066,1096,1068,1520.3886029618407
3237.383868973814,3292.2782444233853,54.89437544957127,9762426,9842278,960,2202,1018,2220,1566.8905731477043
3185.567242543184,3291.284740295987,105.71749775280296,5254518,5711116,1413,1185,1412,1288,1618.7071995783347
3193.78040101683,3290.380003294735,96.59960227790498,8189258,7772538,1507,1847,1489,1753,1610.4940411046882
3206.8563852514612,3271.5272992836544,64.6709140321932,9634028,9868917,1119,2173,1059,2226,1597.4180568700572
3079.4962712700835,3267.767410153456,188.27113888337226,10551498,9948682,958,2380,1030,2244,1724.7781708514349
3121.1907442670035,3267.394327215759,146.2035829487554,4806694,5524880,1322,1084,1362,1246,1683.0836978545149
3244.653543836682,3265.71254895536,21.059005118678215,4961763,4881956,1236,1119,1223,1101,1559.6208982848364
3251.1793046860003,3265.214066957605,14.034762271604905,9829128,9793643,1167,2217,1146,2209,1553.0951374355184
3236.487664468137,3262.0423785722132,25.554714104076083,8153749,8291168,1462,1839,1458,1870,1567.7867776533813
3241.4458666959863,3258.135495955644,16.689629259657522,9779982,9784433,784,2206,802,2207,1562.8285754255319
3244.5418351793724,3257.4763897508947,12.934554571522312,7444555,7448975,1548,1679,1535,1680,1559.732606942146
3237.501975678848,3255.8794847816644,18.377509102816475,9580965,9532230,1252,2161,1280,2150,1566.7724664426705
3161.8608222674775,3251.6794449618037,89.81862269432622,7417944,6775141,1535,1673,1517,1528,1642.413619854041
3208.2667905816725,3247.0716989806656,38.80490839899312,9558605,9718221,1057,2156,1085,2192,1596.0076515398457
3109.426190976432,3243.981307378912,134.55511640248005,8814349,8424151,1545,1988,1451,1900,1694.8482511450866
3061.4188401108504,3240.415307739822,178.99646762897146,8614855,7825778,1536,1943,1533,1765,1742.8556020106682
3223.8560090082974,3238.7204934881747,14.86448447987732,9740414,9727098,1113,2197,1096,2194,1580.418433113221
3222.81880877251,3238.522863742704,15.704054970194193,6916999,7023396,1519,1560,1524,1584,1581.4556333490086
3009.2910629500448,3234.1838360674333,224.89277311738851,4496403,5666844,1341,1014,1470,1278,1794.9833791714734
3198.9933875547963,3232.9853348036086,33.99194724881227,9651889,9620897,1248,2177,1287,2170,1605.281054566722
3041.7450686890497,3231.0439924247476,189.29892373569783,3866570,4460717,994,872,1119,1006,1762.529373432469
3193.6026993565756,3227.7512462079976,34.148546851422,5542694,5467315,1444,1250,1426,1233,1610.6717427649428
3165.7428954025636,3205.722034408901,39.97913900633739,4593847,4762315,1259,1036,1273,1074,1638.5315467189548
3138.1091872354627,3200.3874699034322,62.278282667969506,4474166,4762324,1269,1009,1282,1074,1666.1652548860557
3091.2876575930627,3182.9090443318187,91.62138673875597,4279162,4363292,1317,965,1220,984,1712.9867845284557
3172.113689960367,3182.518729061822,10.405039101454804,5529462,5471820,1511,1247,1498,1234,1632.1607521611513
2951.008427278294,3172.9306193011466,221.9221920228524,8623527,9616544,1342,1945,1367,2169,1853.2660148432244
3136.498433715252,3157.046157155115,20.547723439863148,9616572,9612126,1395,2169,1382,2168,1667.7760084062666
3138.0819770838098,3156.595801589093,18.513824505283083,7387028,7391442,1650,1666,1631,1667,1666.1924650377086
3137.9748442503933,3156.3587383398217,18.383894089428395,7134283,7045625,1586,1609,1588,1589,1666.299597871125
2997.838205884531,3153.9403846541527,156.1021787696218,6819627,6287605,1673,1538,1611,1418,1806.4362362369873
3050.1648416437783,3153.9242888726562,103.75944722887789,3698224,4137146,1102,834,1157,933,1754.1096004777403
3090.3134847369784,3140.785448256129,50.47196351915045,10272470,10197158,1209,2317,1258,2300,1713.96095738454
3128.0211642511413,3140.5424820648423,12.521317813700989,6961418,7045646,1608,1570,1609,1589,1676.2532778703774
3126.3834523877567,3139.2568672985326,12.873414910775864,8012032,8096259,1601,1807,1601,1826,1677.8909897337614
3069.7395608230954,3135.143778428799,65.4042176057037,10715598,10502858,1037,2417,1081,2369,1734.5348812984232
3083.997488921075,3133.151769643424,49.154280722349085,3813521,4026294,1141,860,1130,908,1720.2769532004436
3043.5386333632073,3121.261036256993,77.72240289378578,10338959,10272528,1203,2332,1267,2317,1760.7358087583111
3094.927497426585,3119.894879841474,24.967382414889016,10081939,10024335,1297,2274,1322,2261,1709.3469446949334
3100.3994621975226,3116.6180195063644,16.21855730884181,9940083,10006593,1297,2242,1312,2257,1703.874979923996
3080.7321357244928,3112.575884083315,31.843748358822268,7249602,7134326,1647,1635,1629,1609,1723.5423063970259
3066.456681004782,3108.1453886121803,41.688707607398555,9239795,9443697,1423,2084,1407,2130,1737.8177611167366
2995.4837462010323,3103.8213514730833,108.33760527205095,6535906,6034960,1664,1474,1647,1361,1808.790695920486
3069.6158469484544,3103.1885363635756,33.572689415121204,4984099,4828935,1407,1124,1398,1089,1734.6585951730638
3057.1792350421247,3099.2938504767753,42.11461543465066,7333882,7533358,1700,1654,1691,1699,1747.0952070793935
3045.647229172484,3096.6266649126696,50.979435740185636,10059663,10228084,1186,2269,1153,2307,1758.6272129490342
3055.837077097165,3089.2945586862083,33.457481589043255,4647191,4735826,1407,1048,1382,1068,1748.4373650243535
2898.124688143734,3084.89887211281,186.7741839690757,9634489,9554524,1580,2173,1409,2155,1906.1497539777843
2834.4514500410714,3084.683744900255,250.23229485918364,11668804,10693507,1148,2632,1111,2412,1969.822992080447
3050.7222688029806,3083.5134318926243,32.79116308964376,10197099,10285728,1199,2300,1168,2320,1753.552173318538
2956.0152805299995,3081.722307816527,125.70702728652759,10856920,10493513,503,2449,602,2367,1848.2591615915187
3062.779950656862,3073.2661517942997,10.486201137437547,10254717,10254706,1188,2313,1177,2313,1741.4944914646562
2699.8569261149028,3072.634633820527,372.7777077056244,9776221,10148538,1456,2205,1401,2289,2104.4175160066156
3060.8381263475094,3070.975585669158,10.137459321648748,4678220,4660478,1405,1055,1395,1051,1743.436315774009
3048.5431596238304,3070.893337489194,22.35017786536355,10835330,10764417,1078,2444,1093,2428,1755.731282497688
3025.2296754809504,3068.567489753726,43.33781427277563,10321371,10436589,1347,2328,1307,2354,1779.044766640568
3050.130729500529,3065.928934947655,15.798205447125838,4864366,4806731,1365,1097,1359,1084,1754.1437126209896
3041.393240003602,3063.3296057474627,21.936365743860733,4780105,4740230,1331,1078,1353,1069,1762.8812021179162
2778.281581934182,3057.2187094974374,278.9371275632552,7169907,7546699,1746,1617,1733,1702,2025.9928601873364
3035.0090756584123,3054.5585457336592,19.549470075246973,10454348,10498656,1334,2358,1312,2368,1769.2653664631064
3022.759270949161,3046.427576928455,23.66830597929402,7316170,7426997,1720,1650,1722,1675,1781.5151711723577
3017.110091885775,3042.3028329338413,25.192741048066182,6132544,6061599,1705,1383,1688,1367,1787.1643502357433
1800.8947183443129,3039.7127039253037,1238.8179855809908,14156738,7865881,2169,3193,1739,1774,3003.3797237772055
3020.3622449039685,3035.3208127844373,14.958567880468763,8313530,8397757,1655,1875,1655,1894,1783.9121972175496
3008.7618437006995,3032.85676246594,24.094918765240436,8708038,8588353,1626,1964,1632,1937,1795.512598420819
3020.3021754594665,3030.6500602910264,10.347884831559895,4780293,4811322,1519,1078,1517,1085,1783.9722666620519
3005.054589799316,3025.107929745319,20.05333994600278,8340156,8486430,1683,1881,1668,1914,1799.2198523222023
2990.4464164114424,3025.064444242883,34.618027831440486,7404884,7595494,1774,1670,1765,1713,1813.8280257100762
2872.327563229605,3024.977365092798,152.64980186319326,3210567,3596363,1075,724,1200,811,1931.9468788919135
2923.832126644368,3024.7197826379506,100.88765599358248,8326901,7883628,1727,1878,1754,1778,1880.4423154771503
2932.5420962502194,3021.8119778327996,89.26988158258018,9891519,9829372,1496,2231,1411,2217,1871.7323458712988
2952.9535754225626,3021.088135036507,68.13455961394448,10742395,10870887,1236,2423,1171,2452,1851.3208666989558
3007.11299669244,3019.2636324773102,12.150635784870246,6996951,6926022,1677,1578,1676,1562,1797.1614454290784
2957.332888423517,3016.732469897596,59.399581474078786,10800052,10675981,1264,2436,1317,2408,1846.9415536980011
2993.355865363238,3012.7741611925717,19.4182958293336,7404870,7484664,1760,1670,1760,1688,1810.9185767582803
2941.445371249515,3012.159119983833,70.71374873431796,10441054,10441122,1339,2355,1407,2355,1862.829070872003
2804.407200990766,3010.065610952169,205.65840996140332,4616322,4895608,1569,1041,1576,1104,1999.8672411307527
2956.374563223195,2997.664110688931,41.28954746573618,9935879,9997901,1526,2241,1486,2255,1847.8998788983235
2975.278090573089,2996.233719793987,20.955629220898118,10086539,10055528,1464,2275,1484,2268,1828.9963515484296
2966.7744956898828,2991.1070936871565,24.33259799727375,10574094,10529791,1389,2385,1416,2375,1837.4999464316356
2971.5598077511786,2990.9431128233664,19.383305072187795,10427871,10485480,1455,2352,1435,2365,1832.71463437034
2950.020717915664,2990.630714929553,40.609997013888915,7356050,7205359,1703,1659,1734,1625,1854.2537242058543
2968.638097574986,2983.742503225806,15.1044056508199,5130649,5041981,1668,1157,1660,1137,1835.6363445465322
2914.3527043669656,2981.0762834527804,66.72357908581489,10853237,11017198,1253,2448,1193,2485,1889.9217377545529
2870.7672631762516,2979.054201656493,108.28693848024159,8384570,7910271,1767,1891,1799,1784,1933.5071789452668
2963.311143786632,2975.9209164633876,12.60977267675571,7196480,7245237,1721,1623,1715,1634,1840.9632983348865
2917.073948003719,2965.7158396472405,48.641891643521376,7267510,7187668,1823,1639,1775,1621,1887.2004941177993
2945.6686351403305,2965.698831346863,20.03019620653231,4638486,4700564,1568,1046,1584,1060,1858.605806981188
2942.8170872447713,2960.6939880098016,17.876900765030314,4824727,4736059,1623,1088,1615,1068,1861.457354876747
2585.324636518621,2958.7944162235026,373.4697797048816,3153607,5277010,1744,711,1740,1190,2218.9498056028974
2795.107401481969,2957.4134072278857,162.30600574591654,2652110,3317098,1176,598,1214,748,2009.1670406395492
2811.056298174053,2954.6416161187954,143.5853179447422,6983853,7582260,1878,1575,1830,1710,1993.218143947465
2913.4371891152878,2953.583572432116,40.14638331682818,10804628,10875515,1407,2437,1366,2453,1890.8372530062306
2818.4151714812388,2952.711281421926,134.29610994068707,10906499,11141333,1319,2460,1204,2513,1985.8592706402799
2929.2199698631302,2949.8714576419106,20.651487778780393,4576396,4474434,1540,1032,1537,1009,1875.0544722583884
2868.877602576751,2943.1945626143533,74.31696003760226,4869180,5188343,1746,1098,1733,1170,1935.3968395447673
2919.524847666158,2938.1858274223523,18.660979756194138,8034435,7928046,1839,1812,1842,1788,1884.7495944553605
2882.512183764667,2934.6929960490424,52.180812284375406,7316317,7555682,1867,1650,1850,1704,1921.7622583568514
2577.047198200093,2934.349608445486,357.3024102453928,6119449,7644347,1909,1380,1855,1724,2227.2272439214253
2921.455201560712,2932.4444489725993,10.98924741188739,4740535,4634117,1658,1069,1632,1045,1882.8192405608065
2888.0249323629396,2924.123059724546,36.0981273616062,8123101,7945791,1845,1832,1855,1792,1916.249509758579
2855.4419542834257,2919.772069693953,64.33011541052747,8685949,8991814,1702,1959,1690,2028,1948.832487838093
2881.0940474918248,2914.055840286168,32.96179279434318,10942060,10844563,1416,2468,1445,2446,1923.1803946296936
2439.929054044417,2911.0886289479545,471.1595749035373,10973542,10809123,1867,2475,1469,2438,2364.3453880771012
2760.2873779560487,2909.925841427075,149.63846347102617,3827320,4478939,1641,863,1609,1010,2043.9870641654697
2777.2664724910546,2909.247893772317,131.98142128126256,3911515,4461198,1609,882,1600,1006,2027.007969630464
2832.2453188571726,2906.974703433851,74.72938457667851,9160170,9120347,1592,2066,1666,2057,1972.0291232643458
2703.501002711668,2905.8793065447317,202.37830383306346,6066320,5614000,1976,1368,1822,1266,2100.77343940985
2820.703633860907,2905.3064712441073,84.6028373832005,5095247,4873574,1730,1149,1707,1099,1983.5708082606116
2863.7435135971054,2904.980599202176,41.23708560507066,11141444,11106027,1315,2513,1362,2505,1940.5309285244132
2821.0846611728593,2896.377943906734,75.29328273387455,3880415,4230617,1540,875,1535,954,1983.189780948659
2787.312773985305,2887.888825376624,100.5760513913192,7245454,7688721,1932,1634,1899,1734,2016.9616681362136
2809.3048247085258,2882.4758768814604,73.17105217293465,6673521,6819744,1856,1505,1790,1538,1994.9696174129926
2859.2654021026988,2876.4525908489695,17.18718874627075,5680532,5596297,1859,1281,1851,1262,1945.0090400188196
2824.1924296854004,2872.4270288578746,48.23459917247419,3911397,4097606,1491,882,1514,924,1980.0820124361178
2846.3693253997803,2870.111144488133,23.741819088352713,11177027,11199165,1434,2521,1407,2526,1957.905116721738
2807.095837017122,2868.9756636000347,61.879826582912756,4266248,4523342,1702,962,1682,1020,1997.1786051043966
2837.7772187636465,2868.0681083621776,30.290889598531066,3942451,4075454,1514,889,1527,919,1966.4972233578717
2783.2560331515797,2862.527296779966,79.27126362838635,9639014,9878340,1672,2174,1616,2228,2021.0184089699385
2837.1655603188037,2854.9054295551605,17.739869236356753,4385928,4372609,1691,989,1671,986,1967.108881802715
2706.7745132160753,2843.108294096066,136.33378087999063,10702902,11092860,1640,2414,1494,2502,2097.499928905443
2791.6594093736076,2836.065807629315,44.406398255707245,2674402,2869460,1303,603,1309,647,2012.6150327479106
2637.9746488458636,2835.6175580827257,197.64290923686212,4780531,4975651,1757,1078,1825,1122,2166.299793275655
2806.643049111789,2834.523259490222,27.88021037843282,8140842,8216230,1854,1836,1881,1853,1997.6313930097292
2784.6461282523323,2833.4938538493498,48.847725597017416,7169881,6957111,1720,1617,1734,1569,2019.628313869186
2800.336768407623,2829.4310027067886,29.09423429916569,7267567,7174481,1880,1639,1887,1618,2003.9376737138955
2698.570116475378,2825.9936975346213,127.42358105924313,7582366,7648885,1936,1710,1960,1725,2105.70432564614
2725.9049816433185,2818.781370906774,92.87638926345562,8677300,8265022,1919,1957,1910,1864,2078.3694604782
2762.1625971715994,2812.169055471586,50.00645829998666,11655668,11713247,1311,2629,1261,2642,2042.111844949919
2787.6955470209323,2801.076612989972,13.38106596903981,5977580,5977566,1896,1348,1882,1348,2016.5788951005861
2757.110839370601,2800.2044205969023,43.09358122630147,9869453,9869411,1595,2226,1553,2226,2047.1636027509173
2785.7174414220003,2799.9420526161393,14.224611194139015,10928889,10862406,1544,2465,1556,2450,2018.557000699518
2749.8073829142913,2797.055331217891,47.247948303599514,2581222,2630035,1216,582,1266,593,2054.467059207227
2688.3216752367593,2796.1515660070413,107.82989077028196,8757110,8273920,1935,1975,1942,1866,2115.952766884759
2708.921376996242,2789.835535111555,80.91415811531306,5871228,5503286,1936,1324,1933,1241,2095.3530651252763
2582.9055364377245,2783.1544564952965,200.24892005757192,4031491,4962423,1894,909,1896,1119,2221.368905683794
2734.3027386777294,2778.7458157117003,44.443077033970894,7653381,7843983,2023,1726,2006,1769,2069.971703443789
2663.5403061552156,2777.3000130570836,113.75970690186796,11637962,11593735,1337,2625,1440,2615,2140.734135966303
2638.1550908266768,2768.0630059795367,129.9079151528599,11731125,11890586,1407,2646,1280,2682,2166.1193512948416
2731.348025352252,2758.1227552091113,26.774729856859267,3743127,3853950,1675,844,1673,869,2072.9264167692663
2359.953385245181,2753.8189528489015,393.8655676037206,13322124,11996962,959,3005,1264,2706,2444.3210568763375
2715.1801537887754,2752.2625309772684,37.082377188492956,6704588,6846476,1892,1512,1924,1544,2089.094288332743
2712.0446997337576,2750.131338247612,38.08663851385427,7147971,7360737,1975,1612,1957,1660,2092.229742387761
2694.882215867897,2748.9279134413778,54.04569757348099,2594705,2523727,1400,585,1350,569,2109.3922262536216
2566.605402731871,2747.118491991125,180.51308925925423,1907326,2412827,1136,430,1275,544,2237.6690393896474
2730.736643617015,2746.9907818383085,16.254138221293488,7711018,7622362,2031,1739,2035,1719,2073.5377985045034
2513.5538858581626,2742.295118376467,228.7412325183045,10530042,9772078,1667,2375,1746,2204,2290.720556263356
2685.649292396133,2737.029600448866,51.380308052732744,4492525,4714165,1896,1013,1886,1063,2118.625149725385
2685.8290187328817,2735.944012746174,50.11499401329229,7631262,7835158,2069,1721,2047,1767,2118.4454233886368
2642.8730470358837,2733.2506015310864,90.37755449520273,11695485,12067807,1231,2638,1181,2722,2161.4013950856347
2652.1908147366767,2725.928909746037,73.73809500936022,4124513,4461387,1823,930,1789,1006,2152.0836273848417
2705.598429214331,2721.4649765139675,15.866547299636295,12205279,12138775,1230,2753,1221,2738,2098.676012907187
2702.2001743365636,2718.0105200166972,15.81034568013365,9798386,9789536,1456,2210,1472,2208,2102.074267784955
2474.2234278499836,2706.357220664763,232.13379281477955,6673689,5436871,2024,1505,2013,1226,2330.0510142715348
2494.4183560522915,2705.6395944167507,211.22123836445917,11753635,11638180,1752,2651,1555,2625,2309.856086069227
2691.299089509651,2703.291085680053,11.991996170402217,9891765,9949399,1742,2231,1747,2244,2112.9753526118675
2618.02746357356,2691.712630322741,73.68516674918101,12054714,12187632,1387,2719,1315,2749,2186.2469785479584
2654.727840796756,2688.1491702786625,33.42132948190647,4133348,4270779,1792,932,1800,963,2149.5466013247624
2385.3580228029746,2686.6423355335755,301.28431273060096,9847740,8353828,2047,2221,2056,1884,2418.916419318544
2613.4549482755287,2686.0241390477076,72.5691907721789,7622397,7821908,2070,1719,2096,1764,2190.8194938459897
2553.4229968210243,2678.7815975102058,125.35860068918146,12103534,12245266,1444,2730,1320,2762,2250.851445300494
2662.0000194882477,2677.4405784976566,15.440559009408844,4253122,4310747,1875,959,1871,972,2142.2744226332707
2627.685422225792,2669.205883176968,41.52046095117612,7312152,7405205,2135,1649,2095,1670,2176.5890198957263
2640.2336449952736,2668.4801087258575,28.246463730583855,5645243,5405877,2034,1273,2050,1219,2164.040797126245
2644.002199156266,2665.8912506695992,21.889051513333015,2080341,2067064,1264,469,1286,466,2160.272242965252
2622.907438094187,2665.09544208566,42.188003991473124,8712910,8588753,2065,1965,2032,1937,2181.3670040273314
2627.2877634785564,2661.770881079088,34.48311760053184,7538191,7440668,2091,1700,2094,1678,2176.986678642962
2637.5002154709127,2660.7227784656266,23.222562994713826,7360907,7356452,2127,1660,2105,1659,2166.7742266506057
2632.8432660683065,2656.4608104667986,23.6175443984921,12134612,12045963,1491,2737,1502,2717,2171.431176053212
2522.6517163102258,2648.5482280986357,125.89651178840995,11642773,11868719,1715,2626,1578,2677,2281.6227258112926
2600.857331710209,2645.477929858017,44.62059814780787,12245183,12391506,1237,2762,1271,2795,2203.4171104113093
2217.113017869072,2645.1255510214824,428.01253315241047,13530537,12418112,1021,3052,1279,2801,2587.1614242524465
2511.761195058115,2641.6678944164273,129.90669935831238,10844853,11261477,1735,2446,1657,2540,2292.5132470634035
2604.4049118393773,2638.0967433546316,33.69183151525431,4266491,4412797,1945,962,1962,995,2199.869530282141
2610.186897279985,2633.7707217281013,23.583824448116502,5897914,6035332,2024,1330,2019,1361,2194.0875448415336
2536.6020671463243,2632.2750708175413,95.67300367121697,3969491,4408380,1956,895,1978,994,2267.672374975194
2588.0146453321504,2631.7061520938646,43.69150676171421,3942824,4168910,1887,889,1890,940,2216.259796789368
2579.725072427291,2626.891982589293,47.166910162002296,10933437,11163960,1659,2466,1666,2518,2224.5493696942276
2518.113633309223,2623.4957724221817,105.38213911295861,4036062,4501512,2032,910,2017,1015,2286.1608088122953
2577.9096099326425,2619.230460179343,41.3208502467005,6287998,6110690,2004,1418,2016,1378,2226.364832188876
2601.928165356556,2617.0724338103737,15.144268453817858,1854264,1845418,1270,418,1290,416,2202.3462767649626
2449.7806929967014,2610.1583263590533,160.37763336235184,7032926,7786520,2188,1586,2172,1756,2354.493749124817
2580.0270008998223,2604.808839069995,24.781838170172705,1968971,1880295,719,444,703,424,2224.247441221696
2515.8500800370084,2590.600395945071,74.75031590806248,11536410,11425520,1744,2602,1679,2577,2288.42436208451
2470.2887631151443,2587.1966865860004,116.90792347085608,9014491,8593290,2202,2033,2136,1938,2333.985679006374
2540.6248374337856,2586.0238194643507,45.398982030565094,4053784,4293157,2022,914,2013,968,2263.649604687733
2247.8198454398234,2581.2721329446977,333.4522875048742,1641926,1796749,1716,370,1384,405,2556.454596681695
2555.024070828332,2580.1976622833236,25.173591454991765,9125191,9036517,2077,2058,2063,2038,2249.2503712931866
2507.904283426421,2577.5092942690417,69.60501084262069,12954522,12706316,1296,2922,1338,2866,2296.3701586950974
2556.469708046242,2568.3798241365457,11.910116090303745,4053729,4111351,1967,914,1960,927,2247.8047340752764
2489.6122800340286,2567.9494573755546,78.33717734152606,3982891,4368569,2057,898,2064,985,2314.66216208749
2462.028470296673,2563.1460563122723,101.1175860155995,12644118,12777030,1202,2852,1124,2882,2342.2459718248456
2512.5305217929445,2560.638260177704,48.107738384759614,12427141,12369565,1442,2803,1495,2790,2291.743920328574
2546.8470714141044,2559.1624172409006,12.315345826796147,5046908,5113400,2154,1138,2151,1153,2257.427370707414
2490.751693830596,2558.786718736729,68.035024906133,8362893,8145639,2255,1886,2218,1837,2313.522748290922
2497.912517177624,2558.0476407591955,60.135123581571406,7378724,7666871,2212,1664,2214,1729,2306.3619249438943
2544.417859800817,2557.6376212912587,13.21976149044167,4053768,4115836,2006,914,2012,928,2259.8565823207014
2484.101013220436,2549.751791168322,65.65077794788613,7259044,7440748,2223,1637,2174,1678,2320.1734289010824
2505.7554029688104,2549.158926699795,43.40352373098449,8748389,8859254,2080,1973,2120,1998,2298.519039152708
2529.563098531507,2547.720527406923,18.157428875415917,12382899,12400653,1530,2793,1552,2797,2274.7113435900114
2524.5409325095093,2543.8922905077266,19.35135799821728,12484811,12409443,1483,2816,1476,2799,2279.733509612009
2529.4415069571114,2543.24557825453,13.804071297418432,12728364,12790431,1221,2871,1226,2885,2274.832935164407
2476.763676536021,2538.3980909173347,61.63441438131349,1636428,1561129,651,369,713,352,2327.510765585497
2524.1655849346635,2536.308197922136,12.142612987472603,11704839,11709260,1719,2640,1707,2641,2280.108857186855
2504.866720098399,2536.301627786589,31.434907688189924,9054316,8912463,2130,2042,2133,2010,2299.4077220231193
2463.4947332558327,2530.9834968717437,67.48876361591101,13127166,12909990,1053,2961,1094,2912,2340.7797088656857
2453.841309086508,2530.3735649722216,76.53225588571377,6124082,5809347,2109,1381,2117,1310,2350.4331330350105
2512.637771804157,2527.635599249524,14.997827445366966,5858132,5778344,2139,1321,2145,1303,2291.636670317361
2509.2534730455877,2527.0066954872154,17.753222441627713,12927864,12874660,1236,2916,1228,2904,2295.0209690759307
2494.143705243502,2522.1579502147674,28.01424497126527,1463616,1499050,726,330,696,338,2310.1307368780163
2493.7827060501627,2521.437782423333,27.655076373170232,7338759,7316621,2144,1655,2171,1650,2310.4917360713557
2422.320634141452,2521.185859218693,98.86522507724112,9089638,9306931,1988,2050,2064,2099,2381.9538079800664
2437.8675607983296,2511.3355632273415,73.4680024290119,1424464,1477581,1471,321,1392,333,2366.406881323189
2465.8634112223763,2504.7177375594556,38.85432633707933,7298846,7245693,2128,1646,2171,1634,2338.411030899142
2455.0865758228506,2498.2852511537085,43.198675330857895,12591196,12591247,1476,2840,1527,2840,2349.187866298668
2485.347676821584,2496.619118722701,11.27144190111676,7312249,7316670,2232,1649,2220,1650,2318.9267652999342
2302.291301676777,2491.8599623314612,189.5686606546842,11873270,12489409,1696,2678,1648,2817,2501.9831404447414
2471.5833913487854,2487.7693382920393,16.18594694325384,7103846,7179209,2180,1602,2182,1619,2332.691050772733
2451.6077229507205,2485.3014252887174,33.69370233799691,1459185,1423754,728,329,761,321,2352.666719170798
2472.0099249741534,2482.040718705121,10.030793730967616,8615534,8659872,2215,1943,2223,1953,2332.264517147365
2328.1408247598033,2478.2605055201384,150.1196807603351,13468883,13056589,1429,3038,1404,2945,2476.133617361715
2434.83707535168,2477.7206841382545,42.883608786574314,12236810,12312130,1730,2760,1689,2777,2369.4373667698383
2462.9030647298146,2476.0727656223726,13.169700892558012,12493678,12529152,1484,2818,1494,2826,2341.371377391704
2462.826164024751,2474.9267391239327,12.100575099181697,12352010,12338725,1672,2786,1686,2783,2341.4482780967674
2460.983523204748,2472.170593347005,11.187070142256744,9564052,9519714,2071,2157,2063,2147,2343.2909189167704
2460.469230292326,2471.1763370757812,10.707106783455401,7170351,7134886,2190,1617,2189,1609,2343.8052118291926
2450.615486512257,2465.367776893508,14.752290381250987,7830989,7746766,2311,1766,2315,1747,2353.6589556092613
2451.148044720634,2465.265161478922,14.11711675828792,4510545,4421886,2184,1017,2185,997,2353.1263974008843
2414.2091717833296,2455.5279689673316,41.31879718400205,1286301,1312946,731,290,778,296,2390.065270338189
2419.9422771922355,2447.3068009719696,27.3645237797341,7312260,7259082,2243,1649,2261,1637,2384.332164929283
2406.6025412895783,2441.1381272904655,34.53558600088718,6128634,6084271,2228,1382,2195,1372,2397.67190083194
2426.575715374109,2437.7568382032537,11.181122829144442,9710328,9657131,2058,2190,2057,2178,2377.698726747409
2418.3792970631866,2428.4443151637315,10.065018100544876,7321181,7259117,2298,1651,2296,1637,2385.8951450583318
2289.584374861975,2427.7910619652494,138.20668710327436,1986874,1339592,890,448,826,302,2514.6900672595434
2397.4348136327017,2427.6571091879905,30.222295555288838,8380636,8424998,2266,1890,2298,1900,2406.8396284888167
2390.1983587715927,2419.785646339054,29.587287567461317,8589028,8447177,2307,1937,2312,1905,2414.0760833499257
2346.541368650999,2418.3207237618676,71.77935511086844,6824674,7174890,2287,1539,2296,1618,2457.7330734705192
2398.8347754970528,2417.5444109269224,18.70963542986965,7170480,7205928,2319,1617,2303,1625,2405.4396666244656
2387.5060913589828,2405.7551882945486,18.24909693556583,1034089,1065136,1200,233,1216,240,2416.7683507625356
2388.017496275185,2400.1956584534937,12.178162178308867,13127605,13061115,1492,2961,1497,2946,2416.2569458463336
2332.614544903982,2387.616536682445,55.00199177846298,6434535,6177422,2252,1451,2253,1393,2471.6598972175366
2294.5313710992127,2382.6924814390477,88.16111033983498,13344934,12999203,1604,3010,1647,2932,2509.7430710223057
2325.9133147115626,2377.2006975320382,51.287382820475614,12999129,12990318,1573,2932,1628,2930,2478.3611274099558
2354.614633000549,2375.0286668217327,20.414033821183693,13127776,13034686,1663,2961,1666,2940,2449.6598091209694
2351.0909620955085,2365.9304057246095,14.83944362910097,9222920,9205203,2280,2080,2295,2076,2453.18348002601
2254.792564908999,2362.3817983612416,107.58923345224275,13402238,13543991,1279,3023,1176,3055,2549.4818772125195
2286.584061607764,2359.9541838186356,73.37012221087161,7033082,7028648,2344,1586,2343,1585,2517.6903805137545
2285.221261243686,2359.22427313973,74.00301189604397,6607447,6261668,2277,1490,2272,1412,2519.0531808778323
2329.641805108296,2355.392373437359,25.750568329062844,9351510,9222952,2313,2109,2312,2080,2474.6326370132224
2297.8830722275416,2353.5034087983086,55.620336570766995,9280641,9178632,2372,2093,2322,2070,2506.391369893977
2248.7389089829985,2349.497115339212,100.75820635621358,13703799,13508817,1396,3091,1466,3047,2555.53553313852
2298.61682153935,2348.0754250847326,49.45860354538263,13721254,13557266,1119,3095,1152,3058,2505.6576205821684
2120.73107008742,2332.9996615482737,212.2685914608537,9205431,8088241,2523,2076,2449,1824,2683.5433720340984
2238.047433531807,2329.84692173231,91.79948820050276,4701299,4284581,2319,1060,2303,966,2566.227008589711
2240.253051010596,2328.8730693603125,88.62001834971625,6478997,6252852,2384,1461,2322,1410,2564.021391110922
2097.385415362612,2328.6882917949656,231.30287643235351,7298826,7370082,2108,1646,2436,1662,2706.8890267589063
2283.593153155738,2326.9400296911554,43.34687653541732,3983134,4173751,2300,898,2298,941,2520.6812889657804
2284.2075923652424,2326.602270875391,42.394678510148424,4528393,4333339,2300,1021,2298,977,2520.066849756276
2280.6795959318915,2324.7237125679635,44.044116636071976,13438096,13198750,1673,3031,1709,2977,2523.594846189627
2270.423307379273,2317.2052997815044,46.78199240223148,5805208,5592412,2411,1309,2399,1261,2533.8511347422454
2299.117784431419,2316.7913129797225,17.673528548303693,8886115,8832904,2383,2004,2368,1992,2505.1566576900996
2294.650582538525,2314.6139572257725,19.963374687247324,4293479,4182636,2335,968,2317,943,2509.623859582993
2300.891499075802,2314.3035599188975,13.412060843095333,4191517,4231402,2332,945,2320,954,2503.3829430457163
2296.325653333081,2312.7203563766984,16.394703043617483,13340564,13291808,1667,3009,1674,2998,2507.9487887884375
2291.5881399551035,2307.009420156684,15.42128020158043,8952596,9023517,2369,2019,2362,2035,2512.686302166415
2282.404175377177,2304.2184971029137,21.81432172573659,7033111,6917863,2373,1586,2383,1560,2521.8702667443413
2141.335936591435,2295.9131372526117,154.5772006611769,6181983,6793739,2381,1394,2383,1532,2662.9385055300836
2263.183306200657,2289.844341718497,26.66103551783999,4865428,5007280,2427,1097,2423,1129,2541.0911359208612
2271.3204979987004,2289.5939268802626,18.273428881562268,7565174,7445490,2476,1706,2483,1679,2532.953944122818
2275.486212791677,2287.9634273973816,12.477214605704376,4116175,4120596,2351,928,2339,929,2528.788229329841
2272.924887888818,2286.768075589875,13.843187701057104,6815729,6758103,2208,1537,2211,1524,2531.3495542327005
2181.419093640541,2285.062325532114,103.64323189157267,1326511,927585,1044,299,1088,209,2622.855348480977
2100.534512337177,2282.623855947077,182.08934360989997,794542,400233,1035,179,1263,90,2703.7399297843413
2250.6019656318713,2280.595667284708,29.993701652836535,6642974,6540995,2340,1498,2320,1475,2553.672476489647
2223.862679640258,2280.463175451609,56.60049581135081,3921104,3712729,2332,884,2308,837,2580.41176248126
2206.0730532232114,2272.2139955628486,66.14094233963715,6239656,5947062,2425,1407,2409,1341,2598.201388898307
2255.7504635932974,2268.21359427743,12.463130684132466,13455754,13500079,1599,3035,1594,3045,2548.523978528221
2246.0426923532473,2259.8916803009047,13.848987947657406,3863452,3801395,2309,871,2314,857,2558.231749768271
2247.023998080803,2259.281117279045,12.25711919824198,8584751,8651241,2463,1936,2458,1951,2557.2504440407156
2223.7453180649964,2251.6048064196298,27.859488354633413,8828534,8731025,2431,1991,2448,1969,2580.529124056522
2140.242363374667,2250.561040896762,110.31867752209473,13464893,13283075,1872,3037,1807,2996,2664.0320787468513
2224.469547707412,2248.6940840837706,24.22453637635863,4621602,4692548,2416,1042,2434,1058,2579.8048944141065
2180.5920188890755,2248.0552413913356,67.46322250226012,6975445,6687283,2336,1573,2319,1508,2623.682423232443
2223.4631241255506,2243.1573355125724,19.694211387021824,6802662,6674093,2440,1534,2428,1505,2580.811317995968
2169.173276552092,2243.0047120737268,73.83143552163483,7223584,6935442,2227,1629,2230,1564,2635.1011655694265
2202.620769371183,2242.8254351094647,40.20466573828162,6815801,6908855,2280,1537,2241,1558,2601.6536727503353
2218.4764296460357,2239.8452052412654,21.368775595229636,7547477,7432233,2511,1702,2525,1676,2585.7980124754827
2218.9794325456764,2238.815909677661,19.83647713198434,4408770,4466418,2368,994,2387,1007,2585.295009575842
2052.2007749863205,2235.150774585056,182.9499995987353,8301056,8026278,2480,1872,2548,1810,2752.073667135198
2195.072742254459,2230.6495033891792,35.57676113472007,7605132,7383484,2537,1715,2539,1665,2609.2016998670592
2093.142931411361,2206.992725971471,113.84979456010979,2764121,3384725,2362,623,2346,763,2711.1315107101573
2191.6255163676683,2202.491091122154,10.865574754485806,3486721,3495575,2383,786,2371,788,2612.64892575385
2029.4792267268735,2202.2372720783283,172.7580453514547,6448060,7157408,2478,1454,2546,1614,2774.795215394645
2140.2625996017077,2197.8879116475723,57.625312045864575,13309529,13557777,1663,3002,1663,3058,2664.0118425198107
2179.0536038471596,2191.2797381188393,12.226134271679712,4683734,4603942,2486,1056,2488,1038,2625.220838274359
2115.9884961985144,2190.3781509584023,74.38965475988789,2701962,3061064,2265,609,2294,690,2688.285945923004
2106.497372990968,2187.710762695287,81.21338970431907,355494,386615,854,80,944,87,2697.7770691305504
2172.1690743055046,2185.2551353937733,13.086061088268707,502004,462091,1075,113,1059,104,2632.1053678160138
2120.7839639204135,2181.1048397657346,60.3208758453211,302520,524076,1076,68,982,118,2683.490478201105
2162.8826502948814,2178.475811489496,15.593161194614822,4182709,4213756,2390,943,2406,950,2641.391791826637
2147.3719092471288,2177.2975945694197,29.925685322290974,7671691,7817980,2601,1730,2601,1763,2656.9025328743896
2142.1748082686026,2174.9152910986954,32.74048283009279,9085742,8970465,2525,2049,2506,2023,2662.0996338529158
2143.3453595648875,2174.123569597835,30.7782100329473,13712980,13686434,1711,3093,1763,3087,2660.929082556631
2159.920797752314,2173.2833015150627,13.36250376274893,13677594,13673187,1789,3085,1815,3084,2644.3536443692046
2159.0122811794536,2171.7468799882804,12.734598808826831,7498776,7423423,2573,1691,2581,1674,2645.262160942065
2131.4951437493673,2171.3349897739586,39.839846024591225,2968002,3021186,2325,669,2313,681,2672.779298372151
2153.5388620559147,2163.7920372096423,10.253175153727625,4683777,4692632,2529,1056,2518,1058,2650.7355800656037
2138.6506759717104,2161.993055320084,23.34237934837347,3597578,3726145,2415,811,2425,840,2665.623766149808
2149.213603552786,2161.1478698838096,11.934266331023537,3690646,3699527,2390,832,2405,834,2655.0608385687324
1873.5403834344347,2160.1615829461616,286.6211995117269,9183531,8026353,2788,2071,2623,1810,2930.7340586870837
2136.7559003688893,2157.5832176126196,20.82731724373025,346787,337945,1013,78,1037,76,2667.518541752629
2109.9116727799546,2155.256207251301,45.34453447134638,125589,90190,1465,28,1530,20,2694.3627693415638
2134.8985667468023,2150.249893064112,15.351326317309486,4537471,4448810,2512,1023,2511,1003,2669.375875374716
2108.482487679607,2141.09618081548,32.613693135872836,3526662,3362638,2427,795,2424,758,2695.7919544419115
2122.143520937294,2138.396388705134,16.252867767840144,3269489,3198573,2368,737,2380,721,2682.1309211842245
1915.246135658756,2137.2529919152826,222.0068562565266,2733086,3256237,2358,616,2415,734,2889.0283064627624
2118.569755037918,2135.626601295218,17.05684625729964,2728589,2777338,2294,615,2280,626,2685.7046870836
2119.2983903868476,2132.42947182204,13.1310814351923,4267057,4320249,2511,962,2507,974,2684.976051734671
2117.8052421072816,2128.969402759283,11.164160652001556,6864878,6909206,2594,1548,2592,1558,2686.469200014237
2067.639393723481,2124.3671253771363,56.727731653655155,7414560,7636250,2584,1672,2624,1722,2736.6350483980373
2097.928691897835,2123.0091280958422,25.08043619800719,6997408,7148114,2134,1578,2118,1612,2706.3457502236834
2089.9329817387747,2120.8187968511947,30.885815112420005,7489970,7640695,2633,1689,2636,1723,2714.3414603827437
2095.83179598975,2110.2943033465003,14.462507356750393,4125205,4165090,2515,930,2503,939,2708.4426461317685
2094.2610863509894,2106.6533377904043,12.39225143941485,5402014,5468503,2620,1218,2614,1233,2710.013355770529
2078.527317125043,2102.4922357977107,23.964918672667864,7002352,7104315,2645,1579,2649,1602,2725.7471249964756
2076.710084275789,2100.1731069682805,23.46302269249145,6292982,6168858,2555,1419,2555,1391,2727.5643578457293
2033.7377733860735,2099.2072320920206,65.46945870594709,8354444,8048576,2672,1884,2681,1815,2770.536668735445
2080.82753861284,2095.024010320042,14.196471707202363,5947229,6018159,2576,1341,2578,1357,2723.4469035086786
2011.6228770580951,2093.258478855386,81.63560179729075,8416528,8008688,2694,1898,2690,1806,2792.6515650634233
2039.0240253529405,2091.028856019126,52.004830666185626,3819314,3571052,2501,861,2487,805,2765.250416768578
2063.750698474711,2089.4044534861646,25.65375501145354,7569819,7680639,2688,1707,2683,1732,2740.5237436468074
2071.364559560869,2086.7047182372175,15.340158676348437,3509004,3522287,2501,791,2485,794,2732.9098825606493
2063.575172258209,2086.1538159248253,22.578643666616244,5916221,6075803,2599,1334,2593,1370,2740.6992698633094
2001.3370644675801,2080.75987250191,79.42280803433005,8873081,8496281,2648,2001,2653,1916,2802.9373776539383
2009.2006314286714,2080.520798008597,71.32016657992563,2857337,3136596,2485,644,2465,707,2795.073810692847
2048.4847868508928,2078.6366344560956,30.151847605202875,7410228,7224044,2685,1671,2687,1629,2755.7896552706256
1993.8749490182927,2078.572881595155,84.69793257686251,2711042,2963661,2479,611,2417,668,2810.3994931032257
2029.6639692406916,2072.6569200846357,42.99295084394407,6958017,6771829,2640,1569,2638,1527,2774.610472880827
2051.543671493397,2072.136129389913,20.592457896515953,7037860,7135386,2689,1587,2689,1609,2752.7307706281213
1992.0852374356714,2071.0876248427257,79.00238740705436,7370370,7791489,2724,1662,2708,1757,2812.189204685847
2051.535519065138,2070.9517876807577,19.41626861561963,3313923,3203108,2472,747,2482,722,2752.7389230563804
1795.4648744917777,2070.382659234719,274.9177847429414,9015140,7982113,2851,2033,2713,1800,3008.8095676297407
1903.0637776890471,2068.0737255557233,165.00994786667616,8589538,8057470,2817,1937,2709,1817,2901.2106644324713
2037.9201898746842,2067.3670625481254,29.44687267344125,7738320,7689529,2735,1745,2707,1734,2766.354252246834
2053.6104584587283,2067.288574799238,13.67811634050986,3712932,3681890,2511,837,2500,830,2750.66398366279
2052.282755690622,2064.5908088415467,12.308053150924934,5362148,5446379,2651,1209,2655,1228,2751.9916864308966
2050.4032983361203,2063.43469359083,13.031395254709878,6940332,6962482,2687,1565,2672,1570,2753.871143785398
2039.2276222024893,2063.1069173588253,23.879295156335957,6904837,6727506,2656,1557,2645,1517,2765.046819919029
2039.1992019880008,2062.1700482762603,22.97084628825951,6532407,6647676,2598,1473,2609,1499,2765.0752401335176
2025.9963482232474,2049.266555715338,23.270207492090776,2879481,2985876,2464,649,2467,673,2778.278093898271
2015.3038072931195,2041.6333594102425,26.329552117123058,6474780,6581195,2600,1460,2623,1484,2788.970634828399
2005.4919862485135,2036.7233864063865,31.23140015787294,7343787,7206353,2739,1656,2728,1625,2798.782455873005
1938.7181642706064,2032.5673971838164,93.84923291321002,6678807,6598957,2709,1506,2653,1488,2865.556277850912
2004.7009745881114,2029.0835774617672,24.382602873655742,6474811,6563491,2631,1460,2651,1480,2799.573467533407
1985.8284403509738,2026.1590469465023,40.33060659552848,3181015,3092322,2554,717,2521,697,2818.4460017705446
2012.8542870649526,2024.6878509563853,11.833563891432732,5282389,5220329,2686,1191,2688,1177,2791.420155056566
2009.2266662257666,2022.6438730686878,13.417206842921132,6687610,6643291,2646,1508,2657,1498,2795.047775895752
2003.1185666991355,2020.9548369001195,17.836270200984018,2870614,2799682,2463,647,2459,631,2801.155875422383
1997.7314629553102,2015.8711178363087,18.139654880998478,4409047,4311510,2645,994,2634,972,2806.542979166208
1994.5248402070092,2005.8152478696343,11.290407662625057,7259563,7219674,2742,1637,2750,1628,2809.749601914509
1991.07935951038,2005.6134050424107,14.534045532030632,4125295,4178505,2605,930,2619,942,2813.1950826111383
1939.3925230707418,1993.7083694874477,54.31584641670588,7428076,7640830,2801,1675,2771,1723,2864.8819190507766
1935.2145240644659,1992.9781660065314,57.76364194206553,2440634,2591303,2484,550,2431,584,2869.0599180570525
1975.472192375163,1991.9670473224892,16.494854947326075,210063,218945,1712,47,1728,49,2828.8022497463553
1856.385437487972,1988.6330908254427,132.24765333747064,6439497,5991680,2781,1452,2697,1351,2947.8890046335464
1950.8743644692577,1987.9617777276135,37.08741325835581,7459056,7587631,2750,1682,2768,1711,2853.4000776522607
1934.7575305286487,1987.2240892807908,52.46655875214219,7494572,7738375,2802,1690,2790,1745,2869.5169115928697
1972.5524090845365,1986.1120256055397,13.559616521003136,6825072,6873845,2685,1539,2695,1550,2831.722033036982
1973.61471278618,1984.7933077328394,11.17859494665936,5384385,5442023,2723,1214,2732,1227,2830.6597293353384
1965.3011582332306,1978.7407117056218,13.439553472391253,3079071,3012570,2569,694,2563,679,2838.973283888288
1857.8619224479203,1972.3386214317156,114.47669898379536,6528032,6084777,2656,1472,2701,1372,2946.412519673598
1929.6154547700485,1958.2910056905275,28.675550920479054,5703538,5765633,2700,1286,2733,1300,2874.65898735147
1755.6181696488038,1948.0586628989695,192.44049325016567,8873283,7898008,2850,2001,2835,1781,3048.6562724727146
1915.4824834201095,1939.5816962979493,24.09921287783982,6120231,6226624,2691,1380,2692,1404,2888.791958701409
1898.3582804373013,1936.0095042831604,37.65122384585902,8093093,7991105,2868,1825,2839,1802,2905.916161684217
1892.045989560892,1934.7932147196602,42.74722515876829,7348291,7162124,2810,1657,2829,1615,2912.2284525606265
1903.9603777668963,1932.207417709195,28.24703994229867,2821947,2684525,2559,636,2560,605,2900.314064354622
1901.4332031840095,1925.2571311288802,23.823927944870775,6860682,7055739,2831,1547,2836,1591,2902.841238937509
1768.8475894420071,1915.6603871547586,146.8127977127515,3686594,4227384,2771,831,2735,953,3035.4268526795113
1891.6759943040488,1905.5578586968154,13.881864392766602,7219770,7162151,2846,1628,2856,1615,2912.5984478174696
1836.1288946252153,1903.4327339157567,67.30383929054142,3748636,3974687,2751,845,2719,896,2968.145547496303
1839.6179506598764,1892.9802805173326,53.36232985745619,6297666,6093721,2806,1420,2779,1374,2964.656491461642
1871.754745137543,1889.1184372838193,17.363692146276207,5304680,5224882,2812,1196,2808,1178,2932.5196969839753
1871.1565492495447,1887.160556853441,16.004007603896298,6435032,6364112,2749,1451,2757,1435,2933.1178928719737
1823.2521904920773,1877.7330077432448,54.48081725116754,7383833,7140016,2888,1665,2886,1610,2981.022251629441
1813.7228994122293,1876.2528134970307,62.529914084801476,2578089,2418551,2516,581,2566,545,2990.551542709289
1856.7974209820159,1873.3896364927077,16.592215510691858,6940536,6984855,2891,1565,2880,1575,2947.4770211395025
1844.7629804787066,1861.3446554363159,16.581674957609266,7552316,7614372,2917,1703,2911,1717,2959.511461642812
1838.8496864369904,1860.2540097048513,21.404323267860946,3526922,3628889,2687,795,2695,818,2965.424755684528
1846.883942845804,1857.0761819753343,10.192239129530208,4577680,4449127,2824,1032,2828,1003,2957.3904992757143
1794.3525763414946,1856.2986117557434,61.946035414248854,8106463,7818305,2939,1828,2926,1763,3009.921865780024
1334.14405667137,1850.5063729037274,516.3623162323574,569968,2516154,2544,128,2643,567,3470.1303854501484
1819.738848970611,1840.4563159489157,20.717466978304856,7242013,7148917,2924,1633,2921,1612,2984.5355931509075
1670.9549411804478,1834.0908564798433,163.1359152993955,6820865,6191299,2911,1538,2831,1396,3133.3195009410706
1814.9544647396547,1833.11911997674,18.1646552370853,2702397,2649188,2700,609,2687,597,2989.3199773818637
1806.8263282895791,1832.1400068000676,25.313678510488444,7011513,7042533,2940,1581,2929,1588,2997.4481138319393
1765.0305750277316,1829.5532846573078,64.52270962957618,7383893,7140064,2948,1665,2934,1610,3039.243867093787
1805.9938426958229,1828.7906517467895,22.796809050966658,7915860,7800600,2955,1785,2953,1759,2998.2805994256955
1618.8133536395153,1828.361811594049,209.54845795453366,6727860,5659389,2999,1517,2881,1276,3185.461088482003
1809.581725585761,1828.1067482851772,18.52502269941624,6306534,6390777,2808,1422,2824,1441,2994.6927165357574
1741.62129368971,1821.6637513529363,80.04245766322629,1961911,2188063,2525,442,2594,493,3062.6531484318084
1725.4502184305497,1818.5695330002573,93.11931456970751,3699946,4112209,2824,834,2818,927,3078.8242236909687
1756.8442462787966,1817.2996021738027,60.45535589500605,7326307,7512450,2991,1652,2948,1694,3047.430195842722
1772.610612024872,1812.2877561696728,39.67714414480088,3912699,4076734,2793,882,2807,919,3031.6638300966465
1792.1112285893064,1807.6587934250647,15.547564835758294,3602352,3544713,2756,812,2746,799,3012.163213532212
1738.864370194458,1803.9548230365017,65.09045284204376,6541566,6333174,2891,1475,2850,1428,3065.4100719270605
1752.2866101403788,1795.042085880419,42.75547574004031,2436321,2276761,2604,549,2632,513,3051.9878319811396
1669.7619040671448,1793.2001145671015,123.43821049995677,3087962,3345184,2594,696,2702,754,3134.5125380543736
1599.5373469420292,1781.0061196675333,181.4687727255041,8403468,7769616,2933,1895,3000,1752,3204.737095179489
1747.1704989531668,1771.5276412810663,24.35714232789951,6022906,6129311,2892,1358,2905,1382,3057.1039431683516
1739.3999037132312,1770.057460662173,30.657556948941874,2263441,2161505,2611,510,2634,487,3064.874538408287
1755.7273789749652,1766.262986554499,10.535607579533917,2968413,3003872,2736,669,2731,677,3048.5470631465532
1727.8438749229372,1765.927534777828,38.08365985489081,6240174,6182510,2943,1407,2908,1394,3076.4305671985812
1741.0988618323831,1764.4935420653492,23.39468023296604,6306639,6240132,2913,1422,2901,1407,3063.1755802891353
1665.129613299971,1764.0425666906067,98.91295339063572,3504901,3912758,2831,790,2852,882,3139.1448288215474
1721.2276045383564,1763.382989804405,42.1553852660486,6014093,5854489,2945,1356,2929,1320,3083.046837583162
1747.9876783227924,1759.9045065718346,11.916828249042283,6652379,6621340,2879,1500,2871,1493,3056.286763798726
1718.3779392147767,1757.0262360317552,38.64829681697847,7295280,7122405,2995,1645,3007,1606,3085.8965029067417
1732.6970549783905,1750.997200517757,18.30014553936644,6452910,6368681,2895,1455,2893,1436,3071.577387143128
1708.9064586377408,1750.0948985748914,41.18843993715063,3500327,3358437,2690,789,2656,757,3095.3679834837776
1727.7764664733704,1744.0008410652345,16.224374591864034,3185633,3269883,2739,718,2762,737,3076.497975648148
1581.659200847636,1739.8713869918683,158.21218614423242,6368848,5641753,3060,1436,2977,1272,3222.6152412738825
1720.6810481223688,1739.5034054619705,18.822357339601695,3358414,3411631,2633,757,2654,769,3083.5933939991496
1720.6190963622612,1735.4839911952295,14.864894832968275,6678990,6732176,2892,1506,2882,1518,3083.655345759257
1693.3040999082264,1715.5214824379023,22.217382529675888,3203234,3220986,2608,722,2628,726,3110.970342213292
1676.8153186286745,1715.0170559769854,38.20173734831087,7920419,7769679,3081,1786,3063,1752,3127.459123492844
1667.3381973186333,1711.117998745427,43.77980142679371,3540372,3691123,2838,798,2867,832,3136.936244802885
1643.948670135318,1710.1167102804939,66.16804014517584,2565113,2347848,2839,578,2791,529,3160.3257719862004
1689.0339410872648,1703.1995109226646,14.165569835399765,6985024,7042663,3049,1575,3059,1588,3115.2405010342536
1682.8609518792164,1702.834497849868,19.973545970651685,4183265,4054719,2946,943,2957,914,3121.413490242302
1568.9784811736536,1701.8698957442807,132.89141457062715,1363682,1713784,2751,307,2646,386,3235.295960947865
1676.789152268193,1693.883820259602,17.094667991409096,3513753,3451680,2817,792,2806,778,3127.4852898533254
1340.5085456509646,1688.5923858968972,348.0838402459326,916029,2210431,2831,206,2797,498,3463.765896470554
1667.8404482497604,1679.5019004172086,11.66145216744826,8354773,8328166,3001,1884,2992,1878,3136.433993871758
1655.4059191994133,1678.1014975435355,22.69557834412217,7321953,7131349,3070,1651,3085,1608,3148.868522922105
1652.8285013700306,1667.0771585224365,14.24865715240594,7809632,7791885,3119,1761,3104,1757,3151.445940751488
1614.9164448673814,1665.5793581908165,50.66291332343508,8115330,8341425,2940,1830,2952,1881,3189.357997254137
1424.5103992077916,1660.3635719140943,235.85317270630276,2742306,3762137,2712,618,2953,848,3379.764042913727
1625.1002356974968,1659.117084991682,34.01684929418525,3398520,3473914,2842,766,2875,783,3179.1742064240216
1539.8919470292176,1657.7971461807638,117.90519915154619,3274533,3793188,2979,738,2973,855,3264.382495092301
1627.1092479493946,1655.4271245569657,28.31787660757118,3615822,3487233,2927,815,2895,786,3177.165194172124
1628.630257751097,1655.1668398057532,26.536582054656265,3660183,3771015,2958,825,2965,850,3175.6441843704215
1635.07492195115,1654.83366842108,19.758746469929974,3771051,3864137,3001,850,2994,871,3169.1995201703685
1635.897021513082,1648.2164095999583,12.319388086876188,1940021,1979909,2800,437,2791,446,3168.3774206084363
1631.3804558673883,1646.3375270425208,14.957071175132569,4214335,4081354,2985,950,2994,920,3172.89398625413
1449.8108867143765,1645.3481995021712,195.5373127877947,2928739,2206048,2959,660,2847,497,3354.463555407142
1606.0352013635897,1642.7844495803374,36.749248216747674,6169353,6036342,3050,1391,3029,1361,3198.2392407579287
1624.1420452847783,1637.314304921465,13.172259636686704,1656212,1576420,2703,373,2705,355,3180.13239683674
1622.1361581303704,1633.5867309400933,11.450572809722871,8576384,8518750,2962,1934,2957,1921,3182.138283991148
1619.7173372670272,1631.8731857217376,12.155848454710394,6976234,6927465,3125,1573,3119,1562,3184.557104854491
1609.9363680759302,1631.1073410551894,21.170972979259204,1434569,1527658,2710,323,2706,344,3194.338074045588
1587.4591174006096,1625.875483411775,38.41636601116534,4156725,3966117,3004,937,3015,894,3216.815324720909
1612.577312021503,1624.9051594947077,12.327847473204656,8013526,8071164,3095,1807,3104,1820,3191.6971301000153
1568.352825849926,1616.9654258390815,48.61259998915557,8235241,8026865,3160,1857,3135,1810,3235.9216162715925
1546.5220674115167,1609.9727268508823,63.45065943936561,4125778,4436083,3088,930,3083,1000,3257.7523747100017
1467.929394315955,1606.3918260401101,138.46243172415507,1062304,1642996,2817,239,2786,370,3336.3450478055634
1574.1775406282577,1600.2542047403213,26.076664112063554,8306126,8173146,3117,1873,3127,1843,3230.0969014932607
1573.284659109036,1597.4060303319402,24.121371222904145,7166864,7264401,3136,1616,3147,1638,3230.9897830124823
1580.3661711139066,1595.4582934359723,15.092122322065734,5473433,5544368,3111,1234,3118,1250,3223.908271007612
1560.2583790650028,1591.6091031851852,31.35072412018235,4183377,4316383,3058,943,3074,973,3244.0160630565156
1561.4367097735135,1582.8152606943272,21.378550920813723,7490543,7397431,3206,1689,3187,1668,3242.837732348005
1561.167875966868,1579.4102319642466,18.24235599737858,4276525,4360747,3113,964,3108,983,3243.1065661546504
1523.923391276629,1578.586176538609,54.662785261979934,8164307,7778679,3154,1841,3197,1754,3280.3510508448894
1530.6577265816622,1578.0055427778789,47.34781619621663,6231500,6071881,3135,1405,3104,1369,3273.616715539856
1541.4764658237768,1575.9936659198092,34.51720009603241,5309419,5464580,3118,1197,3124,1232,3262.7979762977416
1513.6225388320213,1575.3495598859008,61.727021053879525,5433571,4999130,3146,1225,3139,1127,3290.651903289497
1457.3934840102875,1554.9202501632608,97.52676615297332,7268946,7672314,3259,1639,3224,1730,3346.880958111231
1465.3458336135172,1550.9447474003455,85.59891378682823,6958571,6657106,3194,1569,3173,1501,3338.928608508001
1537.7742499582446,1548.9385211887666,11.16427123052199,7583644,7627980,3214,1710,3220,1720,3266.500192163274
1533.205022333536,1546.9061316773282,13.701109343792268,7995890,8097838,3191,1803,3180,1826,3271.0694197879825
1522.8965130067222,1538.8458043221644,15.949291315442224,7437365,7277777,3224,1677,3224,1641,3281.377929114796
1510.1168452270376,1533.4182922173559,23.301446990318254,6657132,6652691,3199,1501,3191,1500,3294.157596894481
1465.8873054843289,1531.3884964419703,65.50119095764148,4750990,4812988,3247,1071,3183,1085,3338.3871366371895
1487.827271073526,1522.8380166338056,35.0107455602797,5783749,5921193,3117,1304,3138,1335,3316.4471710479925
1385.120464265393,1517.7114456200306,132.59098135463773,2587275,2946459,2836,583,2947,664,3419.1539778561255
1495.241104644144,1508.2411046441357,12.999999999991815,4622370,4622383,3184,1042,3197,1042,3309.0333374773745
1461.7786484853918,1506.862652247994,45.08400376260215,3199170,3203669,2977,721,3043,722,3342.4957936361266
1478.5344644011761,1503.714578958984,25.180114557807883,6253661,6302444,3131,1410,3151,1421,3325.7399777203423
1480.1780764954588,1501.9808577226677,21.802781227208925,6111828,6213797,3154,1378,3164,1401,3324.0963656260597
1444.9208155130036,1499.4163107212062,54.495495208202556,1022325,862694,2735,230,2692,194,3359.353626608515
1357.6642870267133,1498.4365237085453,140.77223668183206,5801575,6479810,3211,1308,3197,1461,3446.610155094805
1254.3308159129538,1493.0751812721628,238.74436535920904,969280,1722963,2886,218,2959,388,3549.9436262085646
1470.1821528377518,1490.7246661945833,20.542513356831478,7273383,7193595,3263,1640,3269,1622,3334.0922892837666
1461.811536143142,1486.0082556302245,24.196719487082646,3101666,3092772,2999,699,2971,697,3342.4629059783765
1447.474890592479,1485.5449026881283,38.07001209564942,7543833,7730012,3300,1701,3293,1743,3356.7995515290395
1467.6225043141603,1480.3930094628777,12.770505148717348,2955120,2915233,2742,666,2752,657,3336.651937807358
1433.1798051345268,1476.9003965863499,43.72059145182311,5340587,5256321,3255,1204,3216,1185,3371.0946369869916
1452.8768813714178,1471.1200188413027,18.243137469884914,796205,756287,2698,179,2677,170,3351.3975607501006
1436.3684305811112,1468.1370602174275,31.76862963631629,1612083,1550056,2904,363,2939,349,3367.9060115404072
1426.8979502706402,1461.782221720588,34.884271449947846,587807,734109,2651,132,2664,165,3377.376491850878
1408.2358253002317,1458.2164233690837,49.98059806885203,6776884,6989706,3260,1528,3298,1576,3396.0386168212867
1381.5206596116009,1456.4450068387046,74.92434722710368,3500776,3203733,3139,789,3107,722,3422.7537825099175
1107.044417449536,1453.211390346864,346.1669728973279,9175330,7920656,3453,2069,3318,1786,3697.2300246719824
1430.5703761681207,1448.1055728980473,17.53519672992661,6892169,6958682,3287,1554,3305,1569,3373.7040659533977
1357.3611691687056,1438.893589491568,81.53242032286244,5194366,4892876,3323,1171,3277,1103,3446.913272952813
1374.922772410925,1432.2066775607723,57.283905149847214,7526101,7255714,3300,1697,3326,1636,3429.3516697105933
1386.0126382479416,1429.7672102860065,43.75457203806491,2126431,2317070,3024,479,3044,522,3418.261803873577
1370.5527517406158,1416.236253477999,45.68350173738327,805074,871623,2701,181,2755,196,3433.7216903809026
1386.9048116041572,1413.4450468222376,26.540235218080397,3545067,3420952,3100,799,3109,771,3417.369630517361
1311.068177857141,1410.1615501573124,99.09337230017127,6373514,6918825,3293,1437,3345,1560,3493.2062642643773
1371.0976482133487,1404.3096262462414,33.2119780328926,6679437,6807987,3339,1506,3332,1535,3433.1767939081697
1389.806673864005,1400.9320059665965,11.125332102591528,8230956,8293012,3308,1856,3302,1870,3414.4677682575134
1374.5761009515882,1397.7875746257114,23.211473674123226,4511657,4343200,3296,1017,3293,979,3429.6983411699302
1373.9552398511655,1397.4019859137288,23.446746062563307,4023987,3899861,3256,907,3254,879,3430.319202270353
1301.9753378301752,1393.8869496735992,91.911611843424,7730098,7246890,3379,1743,3368,1634,3502.299104291343
1245.2952786623855,1391.5285433001409,146.23326463775538,6302716,6887811,3423,1421,3362,1553,3558.979163459133
1375.1264352700946,1386.3053292901418,11.17889402004721,6732649,6750370,3355,1518,3344,1522,3429.148006851424
1340.1977994244094,1381.2761803502249,41.07838092581551,4990494,4892933,3369,1125,3334,1103,3464.076642697109
1260.5394030100651,1372.2723415687842,111.73293855871907,3616215,4148169,3320,815,3314,935,3543.7350391114533
1341.2426686367448,1364.9152929149586,23.67262427821379,4303362,4267875,3352,970,3329,962,3463.0317734847736
1306.1940141968907,1360.0098738142228,53.81585961733208,3030911,2795940,3172,683,3150,630,3498.0804279246277
1304.0195039071195,1356.6997166450774,52.680212737957845,3394501,3598395,3256,765,3232,811,3500.254938214399
1335.0205089774922,1350.5190080223333,15.498499044841083,7543929,7499588,3396,1701,3385,1691,3469.253933144026
1231.033765017733,1350.0655798453154,119.03181482758237,8133327,8545670,3205,1834,3279,1927,3573.2406771037854
1320.7291467615396,1346.576603565471,25.847456803931436,8660929,8541232,3280,1953,3274,1926,3483.545295359979
1298.9635690510295,1345.9956343738131,47.03206532278364,2192991,2410232,3089,494,3113,543,3505.310873070489
1312.7570401292774,1339.0035684736017,26.24652834432436,8394921,8479164,3252,1893,3268,1912,3491.517401992241
1321.367122080187,1338.3870664980532,17.0199444178661,8674236,8607748,3288,1956,3295,1941,3482.9073200413313
1265.148695449545,1331.4326825716612,66.28398712211629,8235529,7916349,3448,1857,3444,1785,3539.1257466719735
1251.7204839160331,1330.681130211553,78.96064629551984,1997989,1851694,3139,450,3133,417,3552.5539582054853
1295.0754780121179,1329.6039460772,34.52846806508205,7455315,7313446,3442,1681,3429,1649,3509.1989641094005
1305.3138844794921,1328.615720491206,23.30183601171393,4480717,4582669,3387,1010,3380,1033,3498.9605576420263
1018.3667705778676,1322.0668086669916,303.70003808912406,5358600,4861962,3536,1208,3394,1096,3785.907671543651
1288.8319097493322,1321.4136998813492,32.58179013201698,8133555,7991703,3433,1834,3437,1802,3515.442532372186
1301.2733804114232,1319.4044822255223,18.13110181409911,3518601,3425511,3232,793,3235,772,3503.001061710095
1287.5212434838054,1309.8239791376654,22.302735653860054,2210780,2286130,3146,498,3135,515,3516.753198637713
1247.343879152132,1307.0632070521792,59.71932790004712,3744801,4001932,3349,844,3366,902,3556.9305629693863
1266.0281194818376,1300.64669316869,34.618573686852415,8235524,8080371,3443,1857,3445,1822,3538.246322639681
1277.8673496388647,1298.1262019451474,20.258852306282733,4467417,4347728,3386,1007,3388,980,3526.4070924826538
1217.6477754455486,1295.3205611468475,77.67278570129884,2166479,1829566,3175,488,3170,412,3586.62666667597
1250.2550802038054,1289.0081540724404,38.753073868635056,7504100,7326787,3464,1692,3471,1652,3554.019361917713
1264.7424849928811,1280.4186761320661,15.676191139184994,4870849,4928493,3415,1098,3430,1111,3539.5319571286373
1243.9503342920734,1272.965866648176,29.01553235610254,5043781,4994992,3460,1137,3434,1126,3560.324107829445
1210.6616917267088,1259.9991621616637,49.33747043495487,3629592,3860108,3398,818,3398,870,3593.6127503948096
1245.2855349776896,1256.3667832188708,11.081248241181129,7725805,7783434,3519,1742,3519,1755,3558.988907143829
1235.389938452951,1247.7596922071202,12.369753754169324,2241827,2295025,3162,505,3164,517,3568.8845036685675
1227.529383599633,1246.6089893244152,19.07960572478214,5065892,5119101,3406,1142,3419,1154,3576.7450585218853
837.8749637785563,1245.4229503545812,407.54798657602487,3602939,1794153,3343,812,3221,404,3966.399478342962
1212.5133116650964,1243.3717859094986,30.85847424440226,3709407,3837965,3419,836,3420,865,3591.761130456422
1214.9119712095194,1226.2739726873615,11.362001477842114,4901955,4817727,3490,1105,3489,1086,3589.362470911999
1165.3618234112769,1212.41893181878,47.057108407503165,4959628,4795576,3534,1118,3503,1081,3638.9126187102415
1158.0264372203633,1197.0502528561801,39.023815635816845,9104366,8958061,3417,2053,3401,2020,3646.248004901155
1177.7140955213558,1194.062969670229,16.348874148873165,4338977,4383294,3503,978,3490,988,3626.5603466001626
1181.6814850169872,1193.1170682316688,11.435583214681628,4356678,4347823,3472,982,3483,980,3622.5929571045313
1169.8565287638921,1192.2165317527629,22.360002988870747,5540269,5469327,3452,1249,3438,1233,3634.4179133576263
1176.0440449280509,1188.444351626922,12.40030669887119,3771508,3718320,3458,850,3466,838,3628.2303971934675
1175.761451768422,1188.1952470067763,12.433795238354378,4498569,4538479,3507,1014,3520,1023,3628.5129903530965
1166.8463107417251,1177.7904880821234,10.944177340398255,3647408,3660696,3482,822,3471,825,3637.4281313797933
1126.8968130420067,1174.6675904676695,47.7707774256628,2419213,2206433,3228,545,3232,497,3677.3776290795117
1157.6205637905741,1170.664928535708,13.044364745133862,7526391,7473189,3590,1697,3584,1685,3646.6538783309443
1105.7126012986587,1169.5993817586696,63.88678046001087,5358434,5544671,3370,1208,3421,1250,3698.5618408228597
1125.0273825471877,1169.1127999776081,44.08541743042042,4884316,4773454,3583,1101,3546,1076,3679.2470595743307
1144.6295898457643,1161.0748012202653,16.445211374501014,6112165,6050087,3491,1378,3475,1364,3659.644852275754
1134.8748838597644,1156.2279537339482,21.353069874183802,3993219,3891260,3519,900,3519,877,3669.399558261754
1026.586199102945,1154.2650079395307,127.67880883658563,2339508,1763210,3317,527,3309,397,3777.6882430185733
1127.400759920963,1151.5058599950416,24.105100074078564,4396657,4511917,3554,991,3556,1017,3676.8736822005553
1113.0494259618818,1139.2211381031861,26.171712141304397,5886008,5934797,3417,1327,3443,1338,3691.2250161596367
1123.845874626395,1134.1687989972588,10.322924370863802,4179441,4112944,3555,942,3553,927,3680.4285674951234
1122.9328180272673,1134.1631499702617,11.230331942994326,1581487,1621374,3339,356,3329,365,3681.341624094251
944.8370744675412,1121.7977647849389,176.96069031739762,2561182,1763244,3341,577,3343,397,3859.437367653977
1104.5440824490393,1114.7954693933748,10.251386944335536,5806268,5753076,3471,1309,3475,1297,3699.730359672479
1085.0286362365928,1112.362470932465,27.333834695872156,5983620,5863921,3503,1349,3495,1322,3719.2458058849256
1068.3203794815363,1105.2691435772917,36.94876409575545,5544705,5659991,3455,1250,3483,1276,3735.954062639982
1083.7800230647626,1102.7328210726118,18.952798007849196,4179476,4046477,3590,942,3581,912,3720.4944190567558
1079.2508762072525,1097.847800420202,18.59692421294949,3931222,3811519,3584,886,3572,859,3725.023565914266
849.2780971694301,1091.2457136146259,241.96761644519574,7531084,7601819,3850,1698,3657,1714,3954.9963449520883
916.6498704503697,1089.9390979358263,173.28922748545665,2512433,1763276,3355,566,3375,397,3887.6245716711487
1053.6943988223293,1075.798623072058,22.10422424972876,7739263,7832374,3678,1745,3696,1766,3750.580043299189
911.7451534465231,1063.3945248907435,151.64937144422038,6870510,7553090,3793,1549,3691,1703,3892.5292886749953
1032.100344070101,1049.9756130231026,17.875268953001523,5358571,5438365,3507,1208,3507,1226,3772.1740980514173
978.8358077386206,1048.5841794102294,69.74837167160877,3860203,3474574,3493,870,3535,783,3825.438634382898
985.5855710996047,1035.089952008228,49.50438090862326,3496716,3190853,3512,788,3526,719,3818.6888710219137
972.8553798229091,1033.3502611306644,60.49488130775535,2352810,2627661,3320,530,3325,592,3831.4190622986093
1012.1125229195677,1033.2888477902648,21.176324870697044,3292831,3270644,3545,742,3523,737,3792.1619192019507
1019.0904868435318,1032.462447201544,13.371960358012075,3554341,3629709,3508,801,3515,818,3785.1839552779866
632.3231224976744,1030.3906224698221,398.06749997214774,6232307,4813488,3942,1405,3683,1085,4171.951319623844
1017.0596222722993,1029.5956843239805,12.536062051681256,4986333,5021812,3641,1124,3656,1132,3787.214819849219
926.1585660243122,1028.920026011148,102.76145998683569,2246548,1789934,3450,506,3435,403,3878.115876097206
1007.6397917299118,1021.9710077851878,14.331216055275945,3767132,3700636,3515,849,3514,834,3796.6346503916066
1008.2378776236656,1020.504600374114,12.26672275044848,3057842,3004647,3505,689,3506,677,3796.036564497853
984.2142678862424,1018.2370572367558,34.02278935051345,8253578,8098409,3765,1861,3751,1826,3820.060174235276
805.8817688673153,1009.8063183825006,203.9245495151854,2561265,1794385,3424,577,3453,404,3998.392673254203
938.3235734001992,1000.1161865975478,61.7926131973486,5185924,5039586,3747,1169,3698,1136,3865.9508687213192
928.6909701818108,988.3036573760187,59.612687194207865,5292312,5114949,3743,1193,3700,1153,3875.5834719397076
884.1147872010893,971.6333283483086,87.51854114721937,3394508,3044338,3263,765,3300,686,3920.159654920429
817.9141177666252,969.3876042977881,151.47348653116296,5895121,5216912,3664,1329,3704,1176,3986.3603243548932
531.3630593375437,962.2165111428112,430.85345180526747,3098306,4481077,4072,698,3747,1010,4272.911382783975
566.4142545467666,957.0939455661855,390.6796910194189,2929641,3891442,3861,660,3701,877,4237.860187574752
829.5388206446137,953.7175671886275,124.17874654401385,2299845,1710217,3551,518,3512,385,3974.7356214769047
880.2744923899477,947.7261718797618,67.45167948981407,2251056,1821038,3525,507,3508,410,3923.9999497315707
797.0452140434063,944.9623379155173,147.917123872111,5381093,4835739,3864,1213,3769,1090,4007.229228078112
923.352096001795,937.6443178601294,14.292221858334415,1945157,2020515,3503,438,3500,455,3880.9223461197234
894.0057953619093,911.2182715257304,17.212476163821066,2109164,2193385,3489,475,3483,494,3910.268646759609
818.8338561693504,911.1034662466905,92.26961007734008,3869180,3603275,3604,872,3679,812,3985.440585952168
898.7459662363376,910.9171018058878,12.171135569550188,5021953,5008643,3797,1132,3786,1129,3905.528475885181
856.8513133688548,909.6264471921704,52.77513382331563,7916784,7819209,3879,1785,3830,1763,3947.4231287526636
848.5256829163036,906.5617343106151,58.03605139431147,3638682,3576680,3622,820,3682,806,3955.748759205215
885.613334915955,896.833881984363,11.220547068407996,5509464,5549366,3678,1242,3683,1251,3918.6611072055634
810.1386676346715,895.7152259454479,85.57655831077636,2774162,2441655,3537,625,3505,550,3994.135774486847
854.3005987798315,883.7759855401118,29.475386760280344,3554156,3412308,3323,801,3331,769,3949.973843341687
843.8742288345984,876.0685507655662,32.19432193096782,2255485,2344121,3521,508,3497,528,3960.40021328692
841.0478442569542,856.7371057895039,15.689261532549608,1634968,1674849,3624,368,3608,377,3963.226597864564
659.6405118231924,848.060215586283,188.41970376309064,5753520,4897896,3919,1297,3864,1104,4144.633930298326
691.619654999974,841.740979832568,150.12132483259393,3200107,3838363,3914,721,3818,865,4112.654787121544
593.7387110713735,841.5443562339342,247.80564516256072,4077766,4547694,3839,919,3869,1025,4210.535731050145
766.311709330882,818.5579366331981,52.24622730231613,5026388,5115099,3799,1133,3850,1153,4037.9627327906364
781.3154365587657,808.1512703864964,26.835833827730767,5274708,5146149,3871,1189,3869,1160,4022.9590055627527
732.5603830580853,793.59782320362,61.037440145534674,4308385,4592074,3942,971,3919,1035,4071.714059063433
724.2168201344903,781.9360956938003,57.71927555931006,2947318,3142334,3806,664,3770,708,4080.057621987028
625.5212735119039,733.9009823979713,108.37970888606742,3874045,4095598,4036,873,3939,923,4178.7531686096145
707.0315538518562,722.8764503705688,15.84489651871263,6108103,6028312,3862,1377,3865,1359,4097.242888269662
706.301106251949,718.3896086341038,12.08850238215473,6094809,6037182,3867,1374,3869,1361,4097.973335869569
681.9473267591602,712.0087051502869,30.06137839112671,4534542,4667518,4016,1022,4002,1052,4122.327115362358
667.5130824352509,712.0085063933593,44.495423958108404,5398824,5527422,3863,1217,3904,1246,4136.7613596862675
680.3073374018404,703.8793199814627,23.571982579622272,3962648,3984783,3979,893,3949,898,4123.967104719678
679.7460280720388,690.8588541480649,11.112826076026067,4720746,4720736,4034,1064,4024,1064,4124.52841404948
634.1269764105773,667.9315643899909,33.804587979413554,4578919,4738491,4063,1032,4047,1068,4170.147465710941
645.9115846880859,658.0691873463493,12.157602658263386,3386357,3377480,3978,763,3967,761,4158.3628574334325
616.9863678677466,651.0061003734336,34.01973250568699,2424202,2632573,3784,546,3804,593,4187.288074253772
626.9132720875832,641.0896464346897,14.176374347106503,2632576,2566081,3807,593,3807,578,4177.361170033935
555.4637561596974,586.3594692099923,30.895713050294944,5323705,5177421,4105,1200,4110,1167,4248.810685961821
277.91106464923087,573.1928663812132,295.28180173198234,6529587,5044458,4211,1472,4137,1137,4526.3633774722875
322.6410742965072,335.42264982858615,12.781575532078932,6232547,6179353,4182,1405,4184,1393,4481.633367825011
310.81452845156673,321.4349310650896,10.620402613522856,6516267,6476365,4190,1469,4185,1460,4493.459913669952
